英文,繁中,簡中
西歐, Western Europe, 西欧
歐盟, European Union, 欧盟
新冠疫情, COVID-19 pandemic, 新冠疫情
俄烏戰爭, Russia-Ukraine war, 俄乌战争
,,
,,
,,
,,
,,
,,
,,
,,
,,
,,
,,
,,
,,
,,
,,
,,
,,
,,
,,
,,
,,
,,
,,
,,
,,
,,
,,
,,
,,
,,
,,
,,
,,
,,
,,
,,
,,
,,
,,
,,
,,
,,
,,
,,
,,
,,
,,
,,
,,
,,
,,
,,
,,
,,
,,
,,
,,
,,
,,
,,
,,
,,
,,
,,
,,
,,
,,
,,
,,
,,
,,
,,
,,
,,
,,
,,
,,
,,
,,
,,
,,
,,
,,
,,
,,
,,
,,
,,
,,
,,
,,
,,
,,
,,
,,
,,
,,
,,
,,
,,
,,
,,
,,
,,
,,
,,
,,
,,
,,
,,
,,
,,
Netflix, 網飛, 网飞
Apple TV+, 蘋果電視+, 苹果电视+
Oscar, 奧斯卡, 奥斯卡
Hollywood, 好萊塢, 好莱坞
,,
,,
,,
,,
,,
,,
,,
,,
,,
,,
,,
,,
,,
,,
,,
,,
,,
,,
,,
,,
,,
,,
,,
,,
,,
,,
,,
,,
,,
,,
,,
,,
,,
,,
,,
,,
,,
,,
,,
,,
,,
,,
,,
,,
,,
,,
,,
,,
,,
,,
,,
,,
,,
,,
,,
,,
,,
,,
,,
,,
,,
,,
,,
,,
,,
,,
,,
,,
,,
,,
,,
,,
,,
,,
,,
,,
,,
,,
,,
,,
Arm, 安謀, 安谋
MarketWatch, MarketWatch, MarketWatch
CNBC, CNBC, CNBC
LSEG, LSEG, LSEG
,,
,,
,,
,,
,,
,,
,,
,,
,,
,,
,,
,,
,,
,,
,,
,,
,,
,,
,,
,,
,,
,,
,,
,,
,,
,,
,,
,,
,,
,,
,,
,,
,,
,,
,,
,,
,,
,,
,,
,,
,,
,,
,,
,,
,,
,,
,,
,,
,,
Joe Manchin, 喬·曼欽, 乔·曼钦
George Brown, 喬治·布朗, 乔治·布朗
Kamala Harris, 賀錦麗, 贺锦丽
Donald Trump, 川普, 川普
,,
,,
,,
,,
,,
,,
,,
,,
,,
,,
,,
,,
,,
,,
,,
,,
,,
,,
,,
,,
,,
,,
,,
,,
,,
,,
,,
,,
,,
,,
,,
,,
,,
,,
,,
,,
,,
,,
,,
,,
,,
,,
,,
,,
,,
,,
,,
,,
,,
,,
,,
,,
,,
,,
,,
,,
,,
,,
,,
,,
,,
,,
,,
,,
,,
,,
,,
,,
,,
,,
,,
,,
,,
,,
,,
,,
,,
,,
,,
,,
,,
,,
,,
,,
,,
,,
,,
,,
,,
,,
,,
,,
,,
,,
,,
Eurozone, 歐元區, 欧元区
France, 法國, 法国
Spain, 西班牙, 西班牙
Germany, 德國, 德国
,,
,,
,,
,,
,,
,,
,,
,,
,,
,,
,,
,,
,,
,,
,,
,,
,,
,,
,,
,,
,,
,,
,,
,,
,,
,,
,,
,,
,,
,,
,,
,,
,,
,,
,,
,,
,,
,,
,,
,,
,,
,,
,,
,,
,,
,,
,,
,,
,,
,,
,,
,,
,,
,,
,,
,,
,,
,,
,,
,,
,,
,,
,,
,,
,,
,,
,,
,,
,,
,,
,,
,,
,,
Nintendo, 任天堂, 任天堂
SEGA, 世嘉, 世嘉
Mario & Sonic at the Olympic Games, 瑪利歐與音速小子 AT 奧林匹克運動會, 瑪利欧与音速小子 AT 奥林匹克运动会
Eurogamer, Eurogamer, Eurogamer
,,
,,
,,
,,
,,
,,
,,
,,
,,
,,
,,
,,
,,
,,
,,
,,
,,
,,
,,
,,
,,
,,
,,
,,
,,
,,
,,
,,
,,
,,
,,
,,
,,
,,
,,
,,
,,
,,
,,
,,
,,
AI, 人工智慧, 人工智能
Delta Electronics, 台達電, 台达电
Zheng Ping, 鄭平, 郑平
Liu Liangfu, 劉亮甫, 刘亮甫
,,
,,
,,
,,
,,
,,
,,
,,
,,
,,
,,
,,
,,
,,
,,
,,
,,
,,
,,
,,
,,
,,
,,
,,
,,
,,
,,
,,
,,
,,
,,
,,
,,
,,
,,
,,
,,
,,
日月光投控, ASE Technology Holding Co.,
Ltd., 日月光投控,
北九州市, Kitakyushu City, 北九州市
台積電, TSMC, 台积电
,,
,,
,,
,,
,,
,,
,,
,,
,,
,,
,,
,,
,,
,,
,,
,,
,,
,,
,,
,,
,,
,,
,,
,,
蔡崇信, Joe Tsai, 蔡崇信
阿里巴巴, Alibaba, 阿里巴巴
耶魯大學, Yale University, 耶鲁大学
NBA, NBA, NBA
,,
,,
,,
,,
,,
,,
,,
,,
,,
,,
,,
,,
,,
,,
,,
,,
,,
,,
,,
,,
,,
,,
,,
,,
,,
,,
,,
,,
,,
,,
,,
,,
,,
,,
,,
,,
,,
,,
,,
,,
,,
,,
,,
,,
,,
,,
,,
,,
,,
,,
,,
,,
,,
,,
,,
,,
,,
,,
,,
,,
,,
,,
,,
,,
,,
Nissan, 日產, 日产
Honda, 本田, 本田
Software Defined Vehicle, 軟體定義汽車, 软件定义汽车
Tesla, 特斯拉, 特斯拉
,,
,,
,,
,,
,,
,,
,,
,,
,,
,,
,,
,,
,,
,,
,,
,,
,,
,,
,,
,,
,,
,,
,,
,,
,,
,,
,,
,,
,,
,,
,,
,,
,,
,,
,,
,,
,,
,,
,,
,,
,,
,,
,,
,,
,,
,,
,,
,,
,,
,,
,,
,,
,,
,,
,,
,,
Intel, 英特爾, 英特尔
Pat Gelsinger, 格爾辛格, 帕特·基辛格
Meteor Lake, 流星湖, 流星湖
Moor Insights & Strategy, Moor Insights & Strategy, Moor Insights & Strategy
,,
,,
,,
,,
,,
,,
,,
,,
,,
,,
,,
,,
,,
,,
,,
,,
,,
,,
,,
,,
,,
,,
,,
,,
,,
,,
,,
,,
,,
,,
,,
,,
,,
,,
,,
,,
,,
,,
,,
,,
,,
,,
,,
,,
,,
,,
,,
,,
,,
,,
,,
,,
,,
Bitcoin, 比特幣, 比特币
Donald Trump, 川普, 川普
Kamala Harris, 賀錦麗, 贺锦丽
Nashville, 納什維爾, 纳什维尔
,,
,,
,,
,,
,,
,,
,,
,,
,,
,,
,,
,,
,,
,,
,,
,,
,,
,,
,,
,,
